{
    "fid": 103.28780282129262,
    "l2_reconstruction_error": 16.54425621032715
}