{
    "fid": 101.50730353454247,
    "l2_reconstruction_error": 24.04336166381836
}