{
    "fid": 111.3084412263387,
    "l2_reconstruction_error": 21.660215377807617
}