{
    "fid": 105.86117161766919,
    "l2_reconstruction_error": 20.756376266479492
}