{
    "fid": 114.66232923149882,
    "l2_reconstruction_error": 16.711162567138672
}