{
    "fid": 144.9311014926617,
    "l2_reconstruction_error": 21.059364318847656
}